"<p>Making Ivan Ramen<sq>s <dq>Vegetable fat<dq>?</p>","cyvuhaw","4372","cyvwenu","19","cyvk6xl","17","cyvg3is","11"
"<p>IAMA J. Kenji López-Alt Author of The Food Lab<colon> Better home Cooking Through Science and Managing Culinary Director of Serious Eats. AMA!</p>","cvbaga6","225","cvbanlv","77","cvbccbj","65","cvbad88","54"
"<p>I would like to get more protein from beans but I find most beans and bean-oriented dishes bland and boring. Does anyone have suggestions?</p>","c6ef6fp","2707","c6ed8mr","36","c6efmn4","30","c6eefv7","22"
"<p>I am /u/J_Kenji_Lopez-Alt author of The Food Lab and Chief Creative Officer at Serious Eats. Ask me anything!</p>","cdmpmv4","97","cdmodu2","74","cdmo08l","30","cdmo3md","27"
"<p>A Call to Action for r/AskCulinary</p>","c6qt6ez","50","c6qsmix","14","c6qsmig","12","c6qtif3","10"
"<p>Cutting Onions<colon> Going to have lots of busybodies in my home kitchen tomorrow during prep. I<sq>ll have ten onions I need to chop. What technique can I use to maximize their suffering?</p>","cuep3qv","199","cueq9b7","146","cueorz3","76","cueqiis","65"
"<p>Urgent pizza strategy required for my local pub in China life changing welfare hangs in the balance.</p>","d7h4juj","100","d7h4zwh","41","d7hbtmi","34","d7h4ikr","15"
"<p>Websites like SeriousEats Chef Steps Cooks Illustrated and specifically Amazing Ribs</p>","d62pbty","59","d62do3o","37","d62dx99","35","d62f7je","15"
"<p>What should I test?</p>","ddt3ahr","152","ddt60xu","83","ddt2wy7","74","ddt3hok","46"
"<p>Why is <dq>pork stock<dq> uncommon in comparison to chicken and beef stock?</p>","c6v5aro","1602","c6v50rg","12","c6v7qbd","7","c6v6fvi","5"
"<p>Now for fun. What<sq>s a cool food trick you know?</p>","ca558zt","321","ca54q7y","105","ca56n3i","105","ca54ojz","100"
"<p>State of the Subreddit<colon> Please read</p>","cb7bco2","98","cb7afi6","21","cb7bsgk","13","cb7bsee","12"
"<p>Just hired at fancy restaurant; need advice</p>","d8sw1wt","1259","d8svr4c","36","d8sz66o","27","d8szqtv","21"
"<p>To professional chefs<colon> What <sq>grinds your gears<sq> when it comes to TV celebrity cooks/cookery shows?</p>","ccs4kqz","199","ccs4tv2","146","ccs41r0","118","ccs4ti9","104"
"<p>Can you help me compile a list of noob mistakes that people make when cooking at home?</p>","ca8s2gb","329","ca8s5rt","251","ca8savt","164","ca8sal9","163"
"<p>Free Coursera cooking online college class the <dq>The Science of Gastronomy<dq></p>","cazmla0","16","cazjxie","14","cazoapx","13","cazkc3a","8"
"<p>EdX is offering the Harvard Science & Cooking class again</p>","davc2v7","33","davf6bp","19","davcag6","6","davoo7b","4"
"<p>I took my knife to a professional sharpening service and now I need to see if it is ruined. Can this be salvaged?</p>","d1d42zz","388","d1d3eyd","153","d1d5f76","67","d1d4hyq","38"
"<p>Is MSG really that bad for you?</p>","c635pw4","1336","c635g5y","20","c63hgc8","8","c63anxi","7"
"<p>Why can<sq>t I make cheese sauce that tastes like the ballpark nacho cheese sauce?</p>","d3ewrf1","156","d3ez0c4","101","d3exfdc","40","d3exobr","18"
"<p>What kitchen gadget left you wondering how have I lived without this?</p>","d1xb0d0","224","d1xbgem","196","d1xadfq","184","d1xacfc","110"
"<p>Reddit we are here for you today it<sq>s the ask culinary holiday hotline and this is the 11<colon>30am-1<colon>00pmEST slot.</p>","c7lxxk2","30","c7lxk47","18","c7lxp7p","15","c7lyovb","11"
"<p>[Mod Post] With us about to reach 10k subscribers we have some issues we would like to discuss.</p>","c55iaj1","33","c55jd7s","14","c55iyo3","8","c55j7de","7"
"<p>What is a simple fact that completely changed your cooking?</p>","cbm2z00","159","cbm2fgt","147","cbm44ya","118","cbm2szd","79"
"<p>Since when did r/AskCulinary go from professionals answering questions to everyone chimes in?</p>","c6nqe8q","124","c6nonxy","58","c6nqgyu","46","c6nojct","31"
"<p>PSA<colon> If you don<sq>t know about cast iron stop <sq>advising<sq> about cast iron.</p>","chemgl8","185","cheoqk4","36","cheoeti","16","cheph4i","9"
"<p>This is a weird question and I feel sort of evil for asking it; but are there any type of fish or other seafood that you can keep at home in an aquarium that you can also eat - and that maybe even reproduce?</p>","d6fs2m2","161","d6fr3kt","43","d6g0sy3","36","d6fqmxk","19"
"<p>I<sq>ve worked at the world<sq>s best restaurant <dq>NOMA<dq> Ask Me Anything</p>","d3mbabe","43","d3m7ezz","29","d3m72sy","20","d3m5p97","16"
"<p>Why do homemade salads never taste as good as restaurant salads?</p>","d6n75ni","184","d6n7wij","173","d6nh99d","51","d6naoos","50"
"<p>What things do you do in a restaurant kitchen that home cooks don<sq>t do in a home kitchen but should?</p>","cmcd7p9","217","cmc90rv","157","cmc9c5c","138","cmcb4ys","74"
"<p>Why does ranch dressing at restaurants taste so much better than bottled ranch from the store?</p>","c8ghccp","167","c8giil4","78","c8gn84h","28","c8gh9fm","25"
"<p>A huge thank you to everyone who helped with the Wendy<sq>s menu! Album in comments</p>","d6pvclf","42","d6plo62","29","d6q3jz6","16","d6pl7b1","12"
"<p>What are some good or unusual tweaks you use on rather common recipes?</p>","db3624y","242","db36pcz","144","db31tlp","93","db31uil","80"
"<p>Found out that friend is working 12+h gets home eats half a bag of peanuts and crashes on bed. Want to make her one bite meal thingies so she at least gets some proper food in her system. (Just need to keep her alive and healthy for the next 3 months until busy season is over)</p>","ctzmatw","105","ctzljn9","69","ctzsqg3","44","ctzmanj","38"
"<p>Asked about the tea in donuts yesterday came out great!</p>","de833cy","15","de82cfr","8","de86c08","6","de8fu6k","5"
"<p>J. Kenji Lopez-Alt Thanksgiving AMA coming up on Monday!</p>","cdl76jk","8","cdl6xvt","3","cdl77lj","0"
"<p>What makes some cuisines highbrow and some lowbrow? Like why are French and Japanese food staples of fine dining while Chinese food is typically cheap fare?</p>","d8mskjg","269","d8mr2yb","98","d8mm8cd","47","d8mrket","19"
"<p>My first ever meal a stir-fry while quite fly is noticeably dry. How can I try to rectify?</p>","c9akje6","96","c9aih6p","60","c9amg03","56","c9akqqb","20"
"<p>What are the Food Trends in your country at the moment?</p>","cvour24","221","cvotymm","123","cvp1yed","96","cvowa9m","63"
"<p>PSA<colon> If you<sq>re considering buying The Flavor Bible for you or someone else this holiday season stay away from the eBook version.</p>","c7i0xxe","76","c7hyway","30","c7i0cjy","15","c7hyu2b","5"
"<p>Whenever I watch chefs cook I always see them touch raw meat and then use their hands to do things like grab the pepper grinder pinch salt/spices directly out of containers or touch spice bottles etc which seems really dirty. I don<sq>t understand how this is sanitary.</p>","cmox4cb","211","cmou7xr","100","cmou223","31","cmoyhib","14"
"<p>I<sq>ve heard that olive oil should never be used at high-temperature cooking due to the low smoke point and subsequent health risks. Yet I<sq>ve seen Gordon Ramsay recommend it in nearly all of his YouTube recipe videos. Can someone clarify this for me?</p>","de9tg72","132","de9wtmh","75","dea0t1q","65","de9sm7k","51"
"<p>What items do you find are not worth preparing yourself because store bought is just better?</p>","cbwo6cr","161","cbwq459","142","cbwq5g2","110","cbwnx0n","100"
"<p>Please help! I<sq>ve got 99 problems and sausage is pretty much all of them.</p>","c7ew863","85","c7evjam","15","c7evndp","8","c7ewhyj","7"
"<p>I want to recreate my wife<sq>s favorite pasta dish from our honeymoon in Rome and I need some help. Italian chefs help me score some points with my wife!</p>","d953tpt","153","d950fs3","33","d950hd1","25","d9538qj","17"
"<p>What are some food parts we routinely throw away but are actually good eating?</p>","d1m24mv","162","d1m5k1d","157","d1m0185","148","d1m530c","74"
"<p>Why do high class restaurants serve such small portions?</p>","c691048","372","c68yudt","59","c68yqly","44","c68z7mj","32"
"<p>/r/Pizza is hosting an AMA with J. Kenji López-Alt and Ed Levine (SeriousEats.com) - Tuesday October 25th 1pm EST</p>","d91hx8b","6","d90v5ft","5","d918ypl","-15"
"<p>I may be responsible for a possible food-borne illness. I don<sq>t know how to proceed. Please help me.</p>","ctn3qmg","185","ctn3r9n","19","ctn1y22","16","ctni5yq","15"
"<p>If there were 10 commandements in cooking what would they be?</p>","c6lc6hb","278","c6lc6hw","41","c6ldirr","40","c6lerru","39"
"<p>Hi folks! AlbinoRhino asked me to do a holiday buying guide and expert tip thread for chefs knives. AMA.</p>","db3zfuu","19","db46vf6","9","db46qh1","8","db41fqk","8"
"<p>When restaurants have <dq>secret<dq> recipes/ingredients is it painfully obvious to you guys what the secret is?</p>","cabi4v5","211","cabj3n2","81","cabk5a0","50","cabjz34","31"
"<p>What color onions (white yellow red green) are best in what kind of dishes?</p>","d8638iq","216","d85zao5","60","d863znl","21","d85yh1a","14"
"<p>Really dumb question<colon> Why can you cook steak to different levels (rare medium well done etc) but you can<sq>t with other meats like chicken for fear of food poisoning?</p>","ddu41su","187","ddu0lg9","69","ddu0som","18","dduch2o","10"
"<p>My hummus insufficently yummus</p>","cxvx79a","54","cxvzvma","29","cxvzft0","17","cxvwtpo","15"
"<p>Looking for a classical sauces flowchart</p>","ceb5z3z","155","ceb7l9p","4","cebi84k","0"
"<p>What<sq>s the real deal with expensive pots and pans?</p>","c7sndmt","247","c7sn95p","75","c7sncw8","21","c7snqkq","14"
"<p>Reddit we are here for you today; It<sq>s the 3rd annual /r/askculinary Holiday Hotline!</p>","cybbspr","13","cyb6hi8","12","cyayq3f","7","cyb7qwc","6"
"<p>Is there anything <sq>Chinese<sq> in American Chinese cuisine (i.e. Chinese Take-Out)?</p>","c9kx0zu","195","c9kws5j","39","c9kyd8j","22","c9kx8ku","17"
"<p>What home kitchen item do you have that turned out to be far more useful/versatile than you ever expected? Could be hardware or an ingredient.</p>","ccbenj5","182","ccbebn5","110","ccbf6ph","80","ccbe68x","78"
"<p>How can I make popsicles at home where you don<sq>t suck out all the flavour first leaving pure ice behind? (Avoiding freeze fractionation)</p>","da9icuf","44","da9h6xn","38","da9hfyy","32","da9hy2n","23"
"<p>How can I clone that fried rice they do in Japanese Hibachi restaurants? This seems to be the biggest secret in food.</p>","co2qqag","120","co2qin1","16","co2rhk4","12","co2m86n","10"
"<p>What do bay leaves do?</p>","c8jq7t8","127","c8jro16","28","c8jqmt4","21","c8jtlpk","9"
"<p>Congratulations /r/AskCulinary - you are the subreddit of the day for August 26 2012!</p>","c5yw95b","7","c5yuhej","6","c5ywdmf","5","c5yzkix","2"
"<p>My dad is working under harsh conditions in Chinese takeaways. How can he train to work in Western establishments? (UK)</p>","d5ukzxk","82","d5usccv","19","d5utq5c","13","d5uzufs","13"
"<p>I<sq>m basically living out the plot of <sq>Memento<sq> but with pulled-pork... Halp?</p>","ca5sbbt","110","ca5th73","73","ca5t12t","20","ca5t8zq","10"
"<p>maybe the dumbest question I<sq>ll ever ask but what are you looking for when tasting food as you cook?</p>","c9dpd8a","105","c9dpdun","84","c9dqngr","24","c9dqi1r","13"
"<p>Congratulations /r/AskCulinary! You<sq>re the subreddit of the day!</p>","cptmr7b","8","cptggho","7","cptgigd","7"
"<p>Hey I<sq>m gimpy and in a wheelchair but I love to cook. Can you recommend any nifty gadgets for me?</p>","cehxrwf","61","cehwbgx","30","cehwht3","21","cei2jak","19"
"<p>Why do so many upscale / <sq>elite<sq> restaurants specialize in French cuisine? What makes French food so special to wealthy restaurant owners and patrons?</p>","d92o2we","174","d92t9kl","48","d92snv1","24","d92ogtb","19"
"<p>Why do cheeses taste different? What makes the flavor and texture of cheese?</p>","c8jct1n","599","c8jhy84","14","c8j8po8","8","c8j9s7j","5"
"<p>Why do <dq>fancy<dq> restaurants shy away from making their food spicy?</p>","cb0fxb1","113","cb0gjsx","40","cb0hifc","37","cb0g073","14"
"<p>So I guess MSG isn<sq>t as bad as people made it out to be so what are some good uses and guidelines that I should know about its use?</p>","d2brfis","165","d2br7w5","85","d2c55i8","19","d2bpy5e","19"
"<p>Are <dq>Kobe<dq> Burgers as well as premium cuts of meat Burgers just a marketing ploy to charge more?</p>","ctqqnzv","118","ctqpjbv","13","ctqp5e6","7","ctqwr4u","5"
"<p>Is it rude to let the waiter choose your meal for you?</p>","cz559fz","263","cz55msh","107","cz5emal","66","cz55jay","32"
"<p>Is there a cookbook that slowly stocks your kitchen as you work through it?</p>","cxpp5gt","59","cxprnwa","26","cxpsa3p","8","cxpr0jj","7"
"<p>Reddit we are here for you today; It<sq>s the 4th annual /r/askculinary Holiday Hotline!</p>","dbmeuvj","20","dbm3e66","17","dbmlmph","15","dbm5ff8","10"
"<p>The New Sidebar New Mods and a Follow-up on the Call to Action</p>","c6w0u47","6","c6w1t38","5","c6w15lb","4","c6w63vm","3"
"<p>Can you culinarily describe what a Butterfinger is?</p>","clna4z5","150","clnb0h5","57","clnband","39","clnc0ob","6"
"<p>What is the strangest food combination you<sq>ve tried that was actually delicious? (X-post from /r/AskReddit</p>","cjgo95b","82","cjgxl3j","39","cjgooz9","23","cjgp6wh","20"
"<p>the olive oil you<sq>re using might be fake. here<sq>s a good read on olive oils.</p>","camqd9r","25","camlen5","22","camm1rt","20","cammunp","15"
"<p>What<sq>s the most difficult dish you know how to make? (Reposted at the mods request)</p>","c9qcdcr","107","c9qc36h","71","c9qb601","56","c9qax3a","51"
"<p>Truffle Oil-- best uses?</p>","dbqjnij","114","dbqo5oz","20","dbqridc","14","dbqtpdv","11"
"<p>Is there a rule of thumb on when to use which types of tomato products (pastes puréecrushed) when cooking?</p>","d2vjnu0","175","d2vgui2","8","d2vgzoa","8","d2vgrom","5"
"<p>Help me. Save me. I just ate a cherrystone clam and something horrible happened. x-post from /r/food</p>","c9ubvca","400","c9ub4hn","24","c9uat31","14","c9ueuj1","11"
"<p>I had an incredible Moroccan Chicken dish last night that was by far the juiciest most tender chicken I<sq>ve ever had. The meat pulled right off the bone & melted in your mouth. Is there any special regional cooking technique they may have used?</p>","ddc9a8e","96","ddc5esu","17","ddcbmns","11","ddc3301","10"
"<p>Is it possible to make the marshmallow soaked in hot chocolate that can be sliced from the Simpsons?</p>","dc7v5db","84","dc86hht","71","dc7un3s","37","dc7xrpo","9"
"<p>What<sq>s something I should ONLY buy at kitchen supply stores?</p>","cd6jw6j","83","cd6jz8n","58","cd6kh3y","51","cd6l3sp","45"
"<p>Askculinary you<sq>re my only hope. What is this cake sorcery before me?</p>","c99b04j","102","c992w3c","33","c994tvk","14","c992v03","6"
"<p>I live in Ireland but i like to recreate classic american comfort food. I want to do biscuits and gravy but we don<sq>t have that american breakfast sausage over here. Can i make it?</p>","d5cpsqv","134","d5d5z3a","30","d5cllmp","23","d5cp2h8","17"
"<p>I work 80 hours a week and 2 different restaurants as a cook neither allow the use of aprons. How do I get the the baked in grease out of my chef coats?</p>","d30gr20","98","d30n0tf","73","d30s810","64","d30h8sz","34"
"<p>IAMA Research Chef I do cool things with food. AMAA</p>","ck6fh9c","18","ck6fvze","13","ck6g648","12","ck6g03a","10"
"<p>I am cursed with the anti-cilantro gene! What can I substitute for cilantro in dishes?</p>","cai4pi0","47","cai5oik","36","cai7sez","25","cai47u3","17"
"<p>How do I use my fridge? I want to spend less money on food and buy more in bulk but I have no idea how to properly use my fridge/freezer for food storage (how long something will last in a fridge where to put something in the fridge and so on). Can anyone give me some guidelines?</p>","c80un13","59","c80uy0p","51","c80v9oq","24","c80zbl6","18"
"<p>What things are you willing to use the less expensive versions because there isn<sq>t much difference in taste/quality? What items will you pay top dollar for because the difference in quality is meaningful?</p>","c92h0uk","79","c92hid4","75","c92isee","45","c92muig","42"
"<p>Why do we only eat popped corn? Do other seeds not pop/don<sq>t taste nice/too expensive?</p>","d44r2qe","189","d44rt2k","33","d44r2ax","32","d44ryz6","14"
"<p>What SHOULDN<sq>T one cook in cast iron skillets?</p>","c8ik90r","70","c8ihpeg","60","c8ihldu","32","c8in26j","16"
"<p>Updated<colon> Coffee-poached Salmon</p>","c7qjtm0","16","c7qeotd","11","c7qgo6t","6","c7qh03c","4"
"<p>/r/AskCulinary /r/AskScience crosspost food AMA!</p>","c7ujeuy","5","c7us2og","2","c7upm8s","1","c7ur22n","1"
"<p>What are some of your more favorite dated cooking shows such as Two Fat Ladies?</p>","d3sfgoi","98","d3sjlkl","71","d3sf0b9","68","d3sdz0w","62"
"<p>What are the pros and cons of a lattice top on a pie? Is there a reason other than tradition that it<sq>s used for apple pie but not chicken pot pie?</p>","dak4rww","171","dak40p3","52","dakwur8","22","dakf144","18"
"<p>Can someone explain chorizo to me</p>","czlhsf8","154","czlh1up","20","czliwy3","5","czlirkq","4"
"<p>Why are home-made hamburgers almost always worse than at a restaurant?</p>","cxatcw9","139","cxaxclv","50","cxaz0zp","28","cxaz7oo","11"
"<p>Tex-Mex Lovers<colon> how do you make salsa (for chips) that actually tastes like restaurant salsa?</p>","c9qzugp","51","c9qzaw7","32","c9qzydn","15","c9r03y4","10"
"<p>How to Make Thick/Giant Pancakes Like You Get at a Restaurant or Diner</p>","de30s0x","203","de2vpux","59","de2wbp1","12","de30y3o","8"
"<p>As a person who never had a blender above 60$ why is there such huge disparity in blender prices?</p>","d0wihfx","109","d0wfdkq","47","d0wttet","34","d0wh434","9"
"<p>Every like 1 in 25 peanuts in their shell has this distinct almost earthy flavor. They are usually darker in color and taste way better than the normal peanut which I think is bland (planters for instance). Any idea what makes these so special?</p>","d5qsio0","107","d5r1ot5","10","d5re3n6","4","d5r50pf","3"
"<p>What sort of sausage is the thing Americans call <dq>Italian sausage?<dq></p>","d4humzj","91","d4htrkt","44","d4hyg8n","10","d4hxc04","10"
"<p>Mark your calendars - Sept. 23 2015 AMA from Kenji</p>","cv431z0","21","cv4eo77","8","cv45vm3","7","cv40q9t","3"
"<p>I hear <dq>flip your meat only once<dq> when grilling all the time. I took it with a grain of salt until I heard Anthony Bourdain say it. Is it a good rule and if so why?</p>","cjfv47z","208","cjfvad4","125","cjfv4uw","83","cjfv2kh","22"
"<p>Why is everyone OK with canned tomatoes?</p>","cgty2nj","336","cgtyoej","174","cgty8wp","25","cgtyy0h","24"
"<p>Weekly discussion<colon> What<sq>s your signature dish?</p>","cxicpy5","54","cxih56u","47","cxi7a3p","24","cxi46gm","18"
"<p>Why are beef broth chicken broth and vegetable broth so readily available but there is no pork broth?</p>","ddxrit5","101","ddxr5jl","52","ddxnzxw","31","ddxoh7z","15"
"<p>Why add milk to scrambled eggs?</p>","d0g2650","130","d0g318q","73","d0g1snx","39","d0g16bv","12"
"<p>[History] How did Michelin a tire company get into the business of restaurant ratings?</p>","cha8ji8","174","chaeix5","40","chaqous","10","chaf8g3","7"
"<p>What is the biggest difference maker when trying to make restaurant quality meals at home?</p>","c9ad0nf","194","c9adh6f","57","c9adcuu","41","c9aebkf","27"
"<p>What is the correct rolling technique for burritos (or other flat filled things)?</p>","d0lz6p9","47","d0lz4js","12","d0m286c","10","d0migwn","5"
"<p>We<sq>re doing a Spice AMA on Tuesday</p>","d5xhh4z","18","d5xetx9","12","d5xh4lb","7","d5y07q9","2"
"<p>Do you experience <dq>taste fatigue<dq> after cooking?</p>","d4iwzgu","66","d4ixzqw","47","d4iwysh","27","d4izl5m","12"
"<p>As a restaurant customer why am I peeling shrimp tails?</p>","cradduc","88","crahjp5","59","crafxqb","52","cracqyg","23"
"<p>Are there any good Asian cooking reference/bible (Chinese Japanese and/or Korean)?</p>","cea1cwk","27","cea1rd7","17","cea6di3","7","ceababm","6"
"<p>Just a reminder from your friendly neighborhood mod</p>","c45e13v","22","c45dm59","21","c45cob0","9","c45fgxb","3"
"<p>Kenji suggests resting scrambled eggs for 15 minutes before putting them in the pan to cook. Why?</p>","cvzsg9a","267","cvzr5uy","7","cw06x7u","3","cvzsxc1","3"
"<p>What is the MOST authentic recipe for the famous white sauce from the 53rd and 6th CHICKEN OVER RICE HALAL FOOD CART??</p>","c7wcczs","55","c7whs7j","11","c7wgdid","7","c7wfpo6","2"
"<p>What steps can I take to move away from always using a recipe?</p>","c9244x3","229","c923sv8","37","c923ynd","11","c9255qh","8"
"<p>Cooking with cheese oil--is this a thing? Whenever hard cheeses are melted without an emulsifier they break into proteins and fat. Can this fat be used as a cooking oil? Are their any traditional recipes that use this technique? I<sq>ve always wondered. Thanks!!</p>","cywstxn","62","cywtd3r","24","cyww3o6","17","cywtu0e","12"
"<p>Can anyone recommend a non-recipe book for enhancing general culinary knowledge?</p>","cx8xyh7","126","cx8yqpf","76","cx90zr5","40","cx91em1","37"
"<p>Can we discuss why some restaurants fail while others succeed?</p>","cs1s6zq","108","cs24ife","80","cs1stsp","52","cs1vdqp","36"
"<p><dq>Hmm this needs ingredient X to really improve.<dq> How do I get better at figuring out what X is?</p>","ddq55hk","92","ddq9r6q","81","ddq8fpp","59","ddq8i1v","38"
"<p>Results of my Date Night dinner you helped with!</p>","cp2xqdq","32","cp2zso7","25","cp2witu","24","cp3ajmx","21"
"<p>Slicing garlic with a razor blade like Pauli in Goodfellas - is this a thing?</p>","cbdhqsq","59","cbdi1us","43","cbdh453","22","cbdi6u0","17"
"<p>Why don<sq>t we grind bay leaves?</p>","dbbup6w","163","dbbsloa","74","dbc05nr","56","dbbvjdo","41"
"<p>My friend refuses to cook with vegetable oil for <dq>nutritional<dq> reasons and makes me use olive oil to fry everything instead though I know you aren<sq>t supposed to heat EVOO too hot. Is she right? Can you just substitute EVOO for canola oil and when is one or the other necessary?</p>","d1oq80p","89","d1oo9dd","74","d1oq4ts","17","d1oq0v9","16"
"<p>What cut of beef do I buy for melt-in-your-mouth beef stew?</p>","d8x62z5","110","d8x7tuy","83","d8x77fx","16","d8x6q78","13"
"<p>Tired of mom giving us unhealthy food and I fear for my siblings<sq> health... how do I start? What do I stock up on and have at hand?</p>","cudoajk","55","cudo3xe","45","cudou60","25","cudpo3f","20"
"<p>Can you help us help others on Christmas Day?</p>","dbihcpm","15","dbifqtt","10","dbilswd","6","dbiksf0","5"
"<p>How come I get my food far quicker in the U.S. than in Europe?</p>","csldnxy","158","cslh6px","49","cslerml","17","cslh1uf","13"
"<p>Reddit we are here for you today; It<sq>s the 2nd annual /r/askculinary Holiday Hotline!</p>","cn513zw","14","cn52qpr","11","cn570yu","11","cn504ir","8"
"<p>When buying dry pasta is there a difference between the expensive stuff and the cheap stuff?</p>","cdvcx78","62","cdvkhnp","29","cdvl727","17","cdvg2gg","10"
"<p>Easiest way to make hash browns?</p>","ca9h96e","101","ca9hfbj","23","ca9gwx8","22","ca9g1fi","9"
"<p>Just a reminder from the mods</p>","c6acm7y","8","c6a6adv","5","c6ajfbs","3"
"<p>We<sq>ve all heard of egg nog. Is the nomenclature of <dq>nog<dq> specific to this beverage or is a <dq>nog<dq> a type of beverage with certain characteristic that classifies it as <dq>nog?<dq> If <dq>nog<dq> is a general classification of beverage what other types of <dq>nog<dq> do you recommend? Recipes appreciated.</p>","czaf4z9","55","czajp6z","39","czah4zf","21","czaxwid","10"
"<p>Craving Tacos al Pastor.. What are some good tips to make sure they taste authentic and like they came from a famous taco truck.</p>","d6hlnhd","53","d6hp313","44","d6htao3","24","d6hs3mf","7"
"<p>Is there such thing as <sq>illegal<sq> restaurants or meals that chef<sq>s use methods or ingredients not FDA approved?</p>","cebu6v5","176","cebuta7","50","cebvws4","49","cebtpx2","41"
"<p>Can someone explain the various onion types and what they<sq>re best used for?</p>","cbltcb7","30","cblvanf","23","cblui4u","17","cblscst","14"
"<p>Help Me Please! My wife has to go on a liquid diet for 6 weeks and I could really use some suggestions for meals and such.</p>","c8w4fdj","78","c8w5lai","40","c8w5tns","11","c8w7129","10"
"<p>When watching cooking shows the say things like <dq>It<sq>s too sweet you should have added an acid to mellow it out.<dq> Where can I learn about the different types of food interactions.</p>","d051aib","36","d05f588","36","d05dgwo","34","d052clv","27"
"<p>I want to make ridiculous Mac <sq>n Cheese. Sadly I make a merely passable Mac <sq>n Cheese.</p>","cg4aafi","147","cg4c7oj","47","cg4al3q","12","cg4eo8j","10"
"<p>Sushi was invented to preserve fish. Has anyone made or eaten these older types of sushi? Or does anyone know anything about them?</p>","d8jcdr7","58","d8ja3ke","29","d8jb50j","28","d8j7y3a","9"
"<p>A pizza joint near me has an option to make my pizza with flour instead of cornmeal; what<sq>s the thinking behind this?</p>","d7kdhe1","161","d7kcnez","25","d7khx1z","21","d7kfkba","13"
