"<p>Michael Phelps beat a 2000 year old Olympic record set by Leonidas of Rhodes in 152 B.C for the most Olympic wins ever. Are there any other ancient Olympic records that have remained unbroken?</p>","d6fxvvo","3879","d6fwjel","967","d6g0yzw","153","d6fwnoe","51"
"<p>How did the Eagles manage to rescue Frodo and Sam at Mt Doom and still have time to record <dq>Hotel California<dq>?</p>","cpwu5qg","4478","cpwwfcf","743","cpwtrn6","259","cpwtzxy","223"
"<p>Why are prohibitions against gay marriage and abortion particularly important to some sects of Christianity but they seem to ignore other prohibitions in the bible (such as dietary tattoos working on Sundays etc)? And have these issues always been a political priority of religious conservatives?</p>","dejkv8d","897","dejqcty","648","dejhwmw","576","dejr7qc","369"
"<p>Should I invade Russia?</p>","d1lmv9x","1078","d1lpsot","1005","d1lmxc6","825","d1lphvd","690"
"<p>Wikipedia<sq>s List of Famines has a listing for an Iranian / Persian famine from 1917-1919 which claimed 8-10 million lives nearly half the population at the time but doesn<sq>t have a page for it and I<sq>ve never heard of it. Can anyone here teach us more about it?</p>","d5lsmw7","1859","d5ltuvu","189","d5m1xjd","98","d5lsgyr","66"
"<p>Why are there so many medieval paintings of people battling large snails?</p>","cx9ix64","4854","cx9q88y","437","cx9pzh9","9"
"<p>What did Hitler do his first week in power?</p>","dcx0wyd","5398","dcx2avk","1114","dcxfyvr","39","dcx2m8h","-4"
"<p>Twenty years ago today Tupac Shakur was shot and fatally wounded. At the time it was implicated that the Notorious B.I.G. was involved in his death. What evidence do we have now? Was Biggie to blame?</p>","d7cy0xl","2303","d7cxntq","1627","d7cxynt","193","d7cxefj","94"
"<p>Hitler won control of the Nazi party with an *almost* unanimous 553-1 vote. Is it known what happened to the guy behind the <dq>1<dq>? Did he survive Hitler<sq>s rule? Why was he such a contrarian?</p>","d9qyw39","1230","d9r84fu","963","d9r07gf","381","d9qxpa0","302"
"<p>J.R.R. Tolkein single-handedly created our modern conception of staple fantasy races such as Elves Dwarves and Orcs. Are his versions based on earlier legends or did he invent them wholesale?</p>","d26x8ya","3646","d279ekq","132","d272gc4","101","d274mw0","58"
"<p>Why does Turkey deny the Armenian genocide so vehemently when the genocide was done by the Ottomans not the current Turkish state?</p>","dcsz00s","2023","dct1963","305","dcsxqa6","89","dcsukcz","21"
"<p>[META] Can questions that get over 500 upvotes without a sufficient answer be placed in a <dq>popular unanswered questions<dq> section where people can eventually submit answers and approved answers then get posted as an answered question?</p>","d8zjulh","317","d8z9gte","151","d8zk3gi","64","d8zvkfn","24"
"<p>No question just a thank you.</p>","d62du0k","2923","d62gkmp","608","d62eeva","262","d62ifrc","145"
"<p>Up until 2008 it was believed Finland had no direct role in the Holocaust. Then a PhD student discovered the existence of Einsatzkommando Finnland.</p>","dd3ntru","777","dd3of7n","659","dd3pltj","112","dd3z9vl","76"
"<p>Why is it that Muslims are opposed to the depiction of Muhammad but many name their children Muhammad whereas many Christians are opposed to naming their children Jesus but like depictions of Jesus?</p>","dad7ylu","941","dacwsec","326","dadsuhc","325","dad6x1a","297"
"<p>Operation Snow White was one of the largest infiltrations of the United States government and resulted in 11 high-ranking Scientologists being convicted (including Mary Sue Hubbard). Why didn<sq>t the organization itself face any consequences or reprisals from the government?</p>","ddhmdc7","1024","ddhnyp0","508","ddhuh2b","95","ddi2t6s","11"
"<p>[MEGA META ANNOUNCEMENT] AskHistorians will be represented at the American Historical Association Conference January 2016 Atlanta GA!</p>","cu3g65q","424","cu3k0fx","299","cu3gcsv","252","cu3fmax","167"
"<p>How confident are we that the year is actually and exactly 2016? Is it possible that at some point in the last 2000 years there were any significant timekeeping mistakes?</p>","dbc9y1r","4001","dbcdjc6","72","dbcdpm3","-2","dbcb5bt","-56"
"<p>Happy New Years Everyone! 1996 is now fair game!</p>","cyiblhs","2324","cyic8y8","1223","cyicz1h","1019","cyid24t","847"
"<p>How did Medieval armies tell which side a soldier was on? How common was it for a soldier to be killed by someone in his own army being mistaken for an enemy?</p>","d69t885","704","d695bpj","474","d695pex","388","d69eg6y","314"
"<p>How is it that I can mostly read <dq>The Canterbury Tales<dq> in the original but <dq>Sir Gawain and the Green Knight<dq> written at roughly the same time and in the same country is mostly unintelligible?</p>","d8oybre","2064","d8ox3l0","130","d8pxecj","24","d8pqknp","10"
"<p>What kind of a woman would a peasant man in 17-19th century Europe find physically attractive?</p>","ddcnz0r","1594","ddca58p","1477","ddl05ch","55","ddd35ac","53"
"<p>In a TED-Ed video circulating on Facebook they claim that <dq>Businessmen and intellectuals wanting to be on the right side of public opinion endorsed Hitler. They assured themselves and each other that his more extreme rhetoric was only for show.<dq> Is this claim accurate?</p>","da8q4cm","2517","da96viv","143","da8n3gw","3","da8q457","1"
"<p>Monday Methods<colon> Holocaust Denial and how to combat it</p>","d8vgnun","1197","d8vh1m5","252","d8vlneb","237","d8vriii","194"
"<p>How big were Asses in ancient Rome?</p>","cvu0wss","2055","cvu3bc6","11","cvu3c0k","5"
"<p>According to an NBC Article Presidents from Truman to H.W. Bush have been asked by military commanders to launch nuclear weapons at one point during their Presidencies. What spurred this advice from military commanders and why were they so quick to recommend it knowing the almost certain outcome?</p>","db2fqsn","1699","db29gm4","209","db26vs3","111","db2b82a","1"
"<p>What was sex like when most people lived in 1 room/1 bedroom homes?</p>","d4tskfs","3180","d4u0kss","40","d4u20gd","23","d4u2nue","4"
"<p>Why is Liechtenstein?</p>","dbqxf3d","4321","dbqtzbi","120","dbqvdjg","105","dbrv1q9","28"
"<p>If I were a sick legionary in the Roman army come down with bad fever or stomach flu and tomorrow is the big battle would I be expected to fight like usual alongside all my healthy comrades?</p>","dbf0e6z","1657","dbeo4m2","576","dbes043","174","dbf0c8b","40"
"<p>The United States Second Amendment starts with <dq>A well-regulated militia...<dq>. What was intended by the phrase <dq>well-regulated<dq> if the right extends to gun owners who are not part of an organised group?</p>","d4fe4zp","2067","d4felht","301","d4fb1zo","168","d4fbao1","106"
"<p>Did the Hanging Gardens of Babylon actually exist and has definitive proof been found? Why is it the only wonder whose location has not been definitely found?</p>","de5j04k","3315","de5flb4","18","de5p1ce","11","de5gn1l","-2"
"<p>During cold war both KGB and CIA had high ranking moles inside their organisations. Is it known which side did better job at infiltrating their opponent and getting sensitive information as cold war progressed?</p>","d37j1w7","2851","d37h7d4","212","d37j0ak","56","d37qxtm","47"
"<p>My Chinese girlfriend eats leftovers for breakfast. I find that odd growing up in the South(Louisiana) where all we eat for breakfast is <dq>breakfast foods<dq> bacon eggs etc. When did traditionally associated breakfast foods become a thing in America? And how regional are these breakfast foods?</p>","ddaautg","494","ddan1sb","420","dda6vrh","267","ddabbcw","86"
"<p>My mom doesn<sq>t like the movie <dq>The Revenant<dq> because she claims words like <dq>Shit<dq> and <dq>Fuck<dq> weren<sq>t in an early 19th century man<sq>s lexicon. When did these words enter our lexicon?</p>","d01m78p","3951","d01nvn0","813","d01nuis","328","d01qxoi","110"
"<p>Why did Hitler not invade Switzerland?</p>","d4zyeul","4187","d515dil","9","d517nv3","-1","d50voz5","-5"
"<p>Was anybody in 1952 worried about the ascension of the 25-year old Queen Elizabeth II to the British throne?</p>","cuvq0qg","1345","cuvmu6a","557","cuvmruz","339","cuvoc28","305"
"<p>Happy 3rd Birthday /r/AskHistorians! To celebrate this momentous occasion you may be jocular in this thread.</p>","ck3722a","1116","ck381xh","1046","ck35z4l","819","ck3720q","676"
"<p>Suppose I<sq>m an American (white) man in 1798. Assuming I know where he is can I just walk up to the president in public and start talking to him or even then would there be some kind of barrier between him and the general population?</p>","da53dy5","2522","da59hno","275","da5d4si","220","da58vf1","137"
"<p>Did Richard Nixon have apologists in the press throughout the Watergate scandal? If so did those journalist lose credibility after Nixon resigned?</p>","dcwar3s","867","dcvz1kd","186","dcw3wnu","96","dcw81lg","48"
"<p>In the movie Seven Samurai a character accuses the samurai (all of them as a caste of society) of destroying villages raping women and stealing from poor farmers. Samurai are usually portrayed as lawful -- is there any legitimacy to this accusation?</p>","d788pa2","3599","d78af10","353","d78b6dg","75","d788fci","33"
"<p>When America was switching from whale oil lanterns to kerosene were there protests and politicians promising to keep America on whale oil and keep whalers employed?</p>","dbw555h","743","dbw0izb","476","dbvylr6","60","dbw7uor","46"
"<p>When and why did the African-American community began referring to one another as <dq>nigga<dq>?</p>","cykky8m","2423","cykihzh","205","cykohun","204","cyktamu","189"
"<p>Marie Curie named the element Polonium at a time when Poland was not an independent country. Was this a radical political statement? How was the naming of Polonium received by the international community?</p>","d4cw96m","1171","d4dhnjk","-5","d4cvpav","-9","d4cxemg","-23"
"<p>In the 18th century Edo had a population of 1000000 - the largest city in the world. How was this population sustained in pre-industrial Japan? What was life like for the poor? The rich?</p>","db7oi2f","998","db7h6zh","148","db7j93a","72","db8r7h2","36"
"<p>It<sq>s 2016 and I never leave home without my phone wallet and keys. This is probably true of 90<percent> of Americans. What items (if any) would you expect the vast majority of Americans to always carry in 1916? 1816? 1716? 1616?</p>","d24xaxj","1516","d24v3cc","248","d24pw71","227","d24vwpd","32"
"<p>I<sq>m a farmer in mid 10th century Byzantium and a man comes to collect my taxes how do I know I<sq>m giving my taxes to the right man? If i give my taxes to the wrong man am I obligated to pay them again?</p>","dbg3fge","1399","dbfyfy9","40","dbg3o2h","33","dbg1obk","3"
"<p>There was a time when everyone smoked cigarettes because the dangers of smoking hadn<sq>t been discovered yet. But did the public have any idea that cigarettes produced negative health effects? How did they explain away coughing fits and other respiratory problems associated with smoking regularly?</p>","d86ypy1","546","d86d1if","501","d86vpk5","113","d86c6ci","105"
"<p>A huge thank you to the AskHistorians mods</p>","d7cbnsd","993","d7c6j49","300","d7c9pff","126","d7chzg0","70"
"<p>In the movie <dq>Nuremberg<dq> Hermann Goering expects to be treated like a honored guest by the Allies; he is visibly shocked after being put in handcuffs and declared a war criminal. Did the Nazis really expect leniency from the Allies?</p>","cux4ywt","1649","cux5ide","195","cuxpvol","49","cuxlg1q","11"
"<p>The Versailles treaty<sq>s article 246 concerns the delivery of a human skull. What happened with it?</p>","d3gosbx","3053","d3gpwqh","248","d3gtspd","102","d3gn9q8","32"
"<p>In <dq>Back to the Future III<dq> the protagonists modify a locomotive to reach a speed of 88 mph. What was a realistic top speed for a locomotive in 1885?</p>","d6tlf6o","3272","d6to5tb","106","d6tqwxd","41","d6u6jqb","28"
"<p>What did Rasputin actually want? What was his endgame?</p>","d6qxwqs","1539","d6r2bd2","336","d6qxldm","47","d6r9tz8","8"
"<p>How were people not constantly impregnated during the middle ages and renaissance with all that unprotected sex?</p>","dbz6c8i","3708","dbz74di","253","dbzajv6","158","dbz3dx8","55"
"<p>It<sq>s 1900 or so and I<sq>m a <dq>proper<dq> accredited historian with a thorough education and an extensive knowledge of the sources available to me. What<sq>s the biggest misconception I have about the past from a modern perspective?</p>","db19nz1","2485","db1delo","325","db1a5y1","86","db1o5e4","47"
"<p>In films like <dq>The Pianist<dq> and <dq>Schindler<sq>s List<dq> German guards seem able to kill prisoners at any time without restriction. Did concentration camps and ghettos have rules stating when and how soldiers could kill inmates?</p>","crsokhg","2080","crt0c58","38","crtg7gk","23","crsve0l","0"
"<p>[META] This is one of the few subreddits that has maintained a high level of quality and professionalism over time thank you.</p>","ch11nfk","1417","ch0yxw5","394","ch105xz","269","ch12zpf","122"
"<p>I<sq>m a Jewish man in 1946 recently liberated from a death camp. My home has been destroyed by the war all my friends and family have been eradicated I have no money or possessions and all records of me have been destroyed. What do I do and who can I turn to for help?</p>","d6bd7ut","1941","d6be6vl","120","d6bcgtk","38","d6bdc8a","34"
"<p>[META] Thank you for not making /r/AskHistorians a default sub</p>","chd24q5","1224","chd6t5x","370","chd84hz","304","chd2ja0","129"
"<p>What do we know because of the Dead Sea Scrolls that we wouldn<sq>t have known otherwise?</p>","ddj8ife","1630","ddj59bv","785","ddj4m98","33","ddj2n60","13"
"<p>How did Nazi (or any anti-semetic) Christians view the Old Testament given that pretty much exclusively follows the history of the Jewish people?</p>","dce2ipg","1539","dcds06x","236","dcdum2a","60","dce37fr","50"
"<p>What are the roots of anti-intellectualism in the United States? What is its history?</p>","dbxofi6","2165","dc0ssdy","12","dbxne1b","0","dbxt443","-6"
"<p>Oxford University was established c. 1096. How have applications and admission processes changed throughout these past 900+ years?</p>","da2ph0g","1761","da2okur","64","da36lph","17","da2vgat","3"
"<p>If Obama does not get a Supreme Court justice in by the end of his term will he be the first President essentially blocked by congress from doing so? If not which president was blocked longer and why?</p>","d81fvsg","976","d82csqj","64","d818u36","4","d81gzy9","-17"
"<p>Can we get an <dq>Unanswered<dq> tag?</p>","d5ebnz0","202","d5eeoho","178","d5ec9d0","107","d5ee88o","31"
"<p>On Adolf Hitler great man theory and asking better historical questions</p>","d1hjen6","399","d1hj5je","125","d1hrp4s","52","d1hj3c9","47"
"<p>Please help me find more about these men. My grandfather is 97 and wants to know if any of his Squadron are still alive or what their accomplishments were after the war. Info inside.</p>","cr142q1","436","cr0x885","332","cr16aej","320","cr1470n","123"
"<p>[Meta][Serious][4th Wall Violation] If this is the quality of the fan fiction/in-universe academics I<sq>m reading today please make /r/AskFantasyHistorians a thing.</p>","cpxptph","1186","cpxu0yf","169","cpxqh39","70","cpy27bw","49"
"<p>Why did so many survivors of the Wounded Knee Massacre become guards in Skyrim?</p>","cpxfh4c","1015","cpxdypn","172","cpxe9zq","21","cpxt4ww","13"
"<p>Did pirates really had pet parrots? And if not how did this whole <dq>Parrot on the shoulder = Pirate<dq> thing started?</p>","d9c5w7l","1304","d9c5t4n","312","d9c3urf","36","d9cn4c5","12"
"<p>How would an ordinary ~$20 knife from a sporting good store compare to a knife from say the 1300 A.D. in terms of quality workmanship and how well it could hold an edge?</p>","d95lh05","731","d95mkbg","311","d96jixc","286","d95tdxr","77"
"<p>Why is Ronald Reagan viewed so positively by the Republican Party?</p>","d7ifkvm","2551","d7io3eg","133","d7ifh1u","39","d7is3hu","29"
"<p>When Pope Francis was asked whether the Zika outbreak justifies contraceptive use he mentioned that Paul VI had allowed nuns in the Belgian Congo to use contraceptives in case they were raped (1960s). Who were these nuns? What was going on in the Congo?</p>","d058q0g","496","d058p7m","175","d05ix37","143","d05ef8q","136"
"<p>Did Socrates Even Lift?</p>","dazidgv","663","dazuvb7","583","daz8bge","154","dazo6e4","42"
"<p>I just saw an interesting TIL about the US hiring professional skeet shooters during WW1 to shoot thrown grenades in the air during trench warfare. How true is this? Was this even effective?</p>","dc40k9e","401","dc4otzy","75","dc3z2pm","1","dc3y5d9","1"
"<p>Did the Roman military have anything like an R&D department for developing new technology weapons or equipment?</p>","d3oix15","744","d3obp0u","458","d3ojz4x","105","d3o8x0z","47"
"<p>In pop culture Hitler is often depicted seething with rage and almost cartoonishly quick to anger. Is this depiction based on actual evidence and firsthand accounts of his demeanor or has he been caricatured over the years?</p>","d0c6fth","2353","d0c3myl","225","d0c735z","169","d0cf89j","37"
"<p>In ancient warfare how was injuring a mans testicles to debilitate him viewed?</p>","d2gfbji","5990","d2gi763","433","d2go11i","138","d2gjhy0","30"
"<p>How did anal probing become associated with alien abductions?</p>","d5n01en","2196","d5n2uf2","70","d5mrcxk","-9"
"<p>How common was <dq>friendly fire<dq> in medieval battles? Did soldiers commonly die because they got stabbed by their brothers in arms by mistake?</p>","d8u5269","1191","d8twxlx","501","d8tzieo","79","d8udgzp","55"
"<p>When guns were just starting to become a thing was there a battle where one side engaged with swords and was completely surprised by guns?</p>","cx8126o","2279","cx83ylh","480","cx85io0","150","cx87hr6","111"
"<p>The new Netflix series <sq>Frontier<sq> portrays the 18th century fur trade as extremely violent and competitive. Was it really as brutal as the show depicts?</p>","dcynlqj","930","dcyemya","567","dcyfvhj","184","dcysl55","15"
"<p>Were cannonballs considered <dq>reusable<dq> after being fired? or would they be deformed/ damaged after impacting a target.</p>","d67gzzx","1803","d67mbha","123","d67pkl5","36","d67fus5","21"
"<p>Before Hitler and the Nazi<sq>s was there another go-to historical <dq>worst person ever<dq>?</p>","cz6jvc0","2304","cz6ox5y","130","cz6ome9","73","cz6o5jk","70"
"<p>Is Melania Trump the first 1st generation immigrant to live in the white house?</p>","d9w812g","3636","d9wl8zs","598","d9wjmhb","158","d9wmyxu","109"
"<p>What lead to the Ottoman Empire decriminalizing homosexuality in 1858? Was there a lot of opposition and controversy around this?</p>","d4xwz1l","2209","d4xkqwt","325","d4xxhv5","53","d4xy76z","31"
"<p>[META] A Theory of Reddit Analysis of 1.5 Million reddit comments reveals that AskHistorians scores highest for <dq>Reading Level<dq> among all subreddits and in the top three for Average Length of Words and Comments.</p>","cdwnmys","914","cdwocqi","766","cdwnxsg","291","cdwnhl4","241"
"<p>Why was salt so scarce and valuable when it is in the ocean everywhere?</p>","dcl94se","4068","dcl48ew","92","dcl594e","88","dcmea3d","12"
"<p>Was Fidel Castro a <dq>good guy<dq> for lack of a better term?</p>","dagsnc0","1510","dagipzv","506","dagtb2f","70","dah9155","49"
"<p>In the 1943 cartoon <dq>Daffy the Commando<dq> where Daffy Duck infiltrates Nazi Germany there is a moment where he pulls down a window blind labelled <dq>Asbestos<dq> out of nowhere. Why was Asbestos an important part of this visual gag? Would that text have made this scene funnier at the time?</p>","d8j9kw3","2090","d8jmqso","110","d8jlqgc","34","d8ju0xj","33"
"<p>What term did the British use to refer to the American Revolution as it was happening?</p>","d36oj6y","1315","d36fxnt","235","d36rwce","113","d36r3dz","19"
"<p>I<sq>m a Viking with a severe toothache. What do I do?</p>","d5nqe18","1057","d5nu8u0","44","d5nw629","0","d5nxs87","0"
"<p>Orville Wright died January 30 1948  after 2 world wars involving planes. What was his opinion if any in their involvement in warfare?</p>","cyf3lbt","2778","cyfal7s","81","cyfj3sj","62","cyfxile","8"
"<p>When was the last issuance of a wanted dead or alive bounty for a us citizen within the USA?</p>","cy5nvtj","1337","cy5o1hw","1151","cy5qs8m","603","cy662t8","276"
"<p>Why did Islam adopt Jewish dietary habits and circumcision while Christianity which had a closer relationship to Judaism rejected them?</p>","cxgv7uh","623","cxgrgxo","557","cxgrtmb","507","cxgwpar","120"
"<p>Did paper airplanes exist before the Wright Brothers?</p>","d5yh81f","469","d5y8zem","383","d5y2tkw","13","d5y4ns1","1"
"<p>In episode 2 of Animaniacs the character Yakko sings the song <dq>Yakko<sq>s World<dq> in which he names all the countries on Earth. Both Israel and Palestine are named. At the time was there any sort of controversy about the inclusion of Palestine?</p>","dbkeyv7","1320","dbkl8zh","414","dbkcfy1","1","dbk9n84","-8"
"<p>Where can I a normal guy with no History background find <sq>raw<sq> historical facts? How can I know whether an article is lying or not? What are reliable sources for learning about History?</p>","dasyejf","1033","dasxyf3","951","dasxtqb","81","dasy8th","70"
"<p>Am I a person living in the West currently getting any thing out of of the medical experiments performed by the Third Reich and the Japanese Army during World War 2?</p>","d4go640","3632","d4gxq7r","7","d4gxn0k","-7"
"<p>Purple was a rare expensive dye. Did ancient people ever mix blue and red dyes for the same effect?</p>","d9jblgx","1701","d9jbjda","246","d9jaw54","164","d9jnmd3","84"
"<p>We often hear of <dq>killing the messenger<dq> but how dangerous was it really to be a messenger bearing bad news or unwelcome demands in Classical or Medieval Europe/Near East/North Africa?</p>","d97vw6l","1064","d97et23","451","d97fecx","382","d97jvh9","374"
"<p>Joseph Allicock is the only founder of the Sons of Liberty without a wikipedia page. Almost everything I<sq>ve found only mentions his name and that he was a black Sons of Liberty leader in New York. What else can you tell me?</p>","d5jqnr9","787","d5jndls","84","d5kmm3w","83","d5jm02s","78"
"<p>Where does <dq>Seven Wonders of the World<dq> come from? Who coined the term and when? Were they always the same wonders?</p>","d89iqdy","1620","d89jelq","307","d89ht7g","18","d8avpj7","4"
"<p>I was watching Mad Men and apparently elevator operators were common well into the 60<sq>s. Were elevators considered too difficult for the average person to operate or were elevators more complex than just the push button that we have today?</p>","d6qahpw","2212","d6q14uw","454","d6pths1","68","d6q2xgl","42"
"<p>Ancient Greek men thought the ideal male body possessed a small penis. Do we have any idea what Greek women thought?</p>","d794kh4","1993","d7946vi","214","d793e5z","14","d79gk8e","1"
"<p>What was the minimum crime in England that was required to send someone to Australia as punishment?</p>","d03k21c","1833","d03igu4","253","d03gctw","135","d03in2j","33"
"<p>If the Romans used X shaped crosses for crucifixions how did the t shaped cross become such an iconic symbol of Christianity?</p>","d4p80y6","400","d4psh35","286","d4pgzsk","26","d4pb9mv","22"
"<p>6 million victims of the holocaust. HUGE number</p>","cxpb75q","3970","cxpd4kv","1804","cxp9hn5","378","cxpjqtq","104"
"<p>How hard was it to supply arrows to archers in ancient battles?</p>","cfuzz3e","4343","cfv2mh7","302","cfuzpy6","119","cfvg6w3","68"
"<p>What is the context of this medieval image? (Possibly NSFW)</p>","dee37xh","2364","dee3bqz","-7"
"<p>According to Cultural Analysis of the First Galactic Empire Palpatine was insistent on spreading Nabooean culture across the galaxy. Is this accurate?</p>","cpwlrib","789","cpwo090","532","cpwn2k6","135","cpwrukh","108"
"<p>In many games that let you control a Empire or Kingdom you can declare war on another one. However the enemy will usually know instantly when you declare war. During the Medieval Times how did Kingdoms and Empires know it was at war and how long did it usually take?</p>","csrf2kt","833","csrc382","694","csrpfco","34","csrd5fw","-5"
"<p>What is it that has allowed anti-intellectualism to continue in the 20th and 21st century in the United States when there<sq>s been such a strong push for everyone to receive a college education?</p>","de3plxq","1603","de43keu","12","deetcea","1","de4coai","0"
"<p>How were the children of the Hitler Youth Denazified? Was there any fear that they may with their childhood indoctrination try to reinstate Nazism?</p>","dd9cm7u","760","dd90c76","315","dd9oy98","160","dd9a22b","156"
"<p>What popular Christmas traditions haven<sq>t survived to the modern day?</p>","dblozjj","1538","dblq6d4","895","dblsthg","815","dbm3nxd","139"
"<p>In many Vietnam war films Credence Clearwater Revivals Fortunate Son can often be heard but was the song popular among the soldiers? Was music like that allowed to be played on helicopters?</p>","d8wucdx","1386","d8wrs43","85","d8x6uo8","43","d8x7dfp","9"
"<p>my grandmother once told me there was an experiment in the 19th century where they fed a man to a whale to see if people really could survive inside them (IE like Jonah) and unsurprisingly they can<sq>t. was she talking about a real experiment that ever took place?</p>","dc8pn4g","1214","dc8pdu7","0","dc8pzwb","-1","dc8pfjq","-3"
"<p>Was there slavery in heaven? How did the various christian sects in the American South and Caribbean expect slaves to be treated in the afterlife?</p>","d421kqh","1489","d426g9z","72","d423nz1","49","d42askh","37"
"<p>Has there ever been a primarily nocturnal civilization?</p>","dar3y98","793","daqvkg2","523","dar5tpj","140","dar1p59","1"
"<p>It seems that all Nazis sentenced to life in prison after the war were released by the 1960s with the sole exception of Rudolf Hess who was still incarcerated when he died in 1987. What reasons were given to not release Hess?</p>","de9ua23","896","deah27l","427","de9un4a","159","dea8i9g","103"
"<p>At what point in western history did certain foods like cereals pancakes muffins and other stuff become <dq>breakfast food;<dq> why were these chosen over other food items?</p>","d9cy4cg","1506","d9d8acy","12","d9cxb6t","6","d9immep","3"
"<p>The Browning M2 .50 Caliber machine gun was invented towards the end of World War 1. It<sq>s still being used around the world usually mounted on armored vehicles. How is this nearly 100 year old gun so excellent at its job?</p>","d71yjq8","1722","d725awj","203","d720z4a","51","d7299kk","26"
"<p>When thieves steal a painting by cutting it out of the frame what does the gallery do with the bit of painting that remains with the frame?</p>","d1yg9yo","2239","d1yhp2s","1139","d1yhmqh","506","d1yik2w","171"
"<p>How recent is awareness of dates? Did everyone in the 13th century know they were in the 13th century? Did everyone in 1516 know it was 1516?</p>","d77e1f3","1742","d77jb7o","325","d77cx8o","93","d77g95x","88"
"<p>Is it true that Hitler never visited a concentration camp? If so why?</p>","d5st641","2214","d5ss5gm","35","d5szzsy","15","d5u11lj","3"
"<p>Did people in the middle ages uses wooden chests as storage as much as RPG games lead us to believe?</p>","d8szwn3","945","d8t7eta","141","d8thvqv","79","d8t0t2g","30"
"<p>Biblical historians<colon> why are the lifespans of people mentioned in the genesis accounts recorded as lasting so long?</p>","cyz9uj4","4370","cyz76ph","118","cyzahm9","47","cyz9t63","37"
"<p>Is there a historical consensus as to why Gandhi was so obsessed with nuclear warheads?</p>","cpwyrjm","1265","cpwyv95","172","cpx1hrc","136","cpwz0wj","122"
"<p>In the documentary The Black Power Mixtape Talib Kweli states <dq>It<sq>s documented not a conspiracy theory that the [black] community was flooded with drugs... Hoover and the FBI they made sure that the drugs were an influence in the community<dq>. What is the documented evidence he<sq>s referring to?</p>","d4mikkc","202","d4lxu1h","183","d4lrqcr","42","d4muylq","35"
"<p>Both the Norse and the Greek pantheon were not the first generation of gods and both killed their progenitors. Is there a common ancestor between the two beliefs?</p>","d1qst88","616","d1qrvw3","155","d1qrnxi","63","d1rvig7","7"
"<p>Accounts of Jean-Paul Sartre and Simone de Beauvoir describe them living in hotels and spending much of their time in cafes. Would this lifestyle have been considered luxurious in its context or was it more of a frugal arrangement?</p>","dc5mgiw","269","dc5stdi","117","dc5lq3r","59","dc5kxoa","33"
"<p>Did ancient people go to the beach?</p>","d9l0ipu","1300","d9kzxc9","232","d9l0nud","69","d9kzg1t","23"
"<p>How did the cosmonauts aboard Mir react to the break up of the Soviet Union?</p>","d9495z3","2565","d948teu","88","d947bzy","83","d94oref","15"
"<p>Why did Hitler specifically chose to call his desired race <dq>Ayrans<dq> rather than <dq>Nordic<dq> or <dq>Germanic<dq>?</p>","de7sajj","1114","de7ykor","244","de7mvsf","218","de82e6x","-1"
"<p>Did the perception that German is an unusually harsh guttural and unpleasant language exist before he world wars or is it an outgrowth of anti-German war propaganda?</p>","dbntjb7","498","dbo2unn","38","dbo1so6","32","dbnxxtj","5"
"<p>Was owning slaves in the US limited solely to black people? Could somebody own white slaves?</p>","cyuasd4","2867","cyu72t9","455","cyu8pan","126","cyu6wbb","66"
"<p>How did Hitler get the idea that there was a massive Jewish conspiracy in the world?</p>","d16truy","3301","d16xvnw","72","d16tjuy","47","d16x2id","17"
"<p>Can pathogens survive on primary documents? If so are there any cases of historians falling ill from archival research?</p>","d7say0u","1874","d7sfhn8","280","d7shkv3","147","d7siosl","82"
"<p>In the Middle Ages women were considered temptresses and more prone to induce sexual desire. Nowadays there is the stereotype that men only think about sex. Why is so?</p>","d1fdqni","991","d1fc2g3","324","d1fbufa","35","d1g7h7c","1"
"<p>suppose I<sq>m the son of a Maharaja studying at Oxford in the 1890s. Will I be excluded in anyway socially excluded because of my race or does my high class insulate me from that kind of thing?</p>","d56j1oe","992","d56cah7","111","d56g3fi","12","d56qi1v","4"
"<p>Did the Mongols know how important Jerusalem Mecca Constantinople and Rome were to the western world and was it ever a goal to take these cities?</p>","d9foy5u","458","d9feix9","310","d9fu4dp","71","d9fb7a0","42"
"<p>In Total War<colon> Napoleon it says that <dq> as always an enemy in control of the Low Countries is enough to scare London<dq> what advantages did the Low Countries provide against Britain? Is this just gaming fluff to sound cool?</p>","d6sygq6","968","d6szdhn","456","d6szdsl","162","d6t8793","29"
"<p>How did Pagan Vikings in the 8-13th centuries view homosexuality?</p>","de1bo9q","587","de0s77k","45","de1afpj","42","de17c0v","2"
"<p>In Band of Brothers the allies were preparing for a protracted and bloody counter-guerilla campaign against SS towards the end of the war. Why didn<sq>t this happen?</p>","d4ni5yx","1095","d4nhzze","523","d4nv2ir","128","d4o3vcg","23"
"<p>It can get pretty cold in South Africa. Why are the Zulu and other South African natives depicted wearing few clothes? What did Zulu cold weather wear look like?</p>","d8eh2s0","669","d8eejr5","139","d8eczp6","126","d8e7d8w","14"
"<p>Why was the 18th Amendment an amendment? Couldn<sq>t Congress ban alcohol just by passing a law?</p>","ddlljw5","1372","ddlpxki","62","ddlyt8v","26","ddmeop7","0"
"<p>What mistakes did the British make to lose the US War of Independence and could they have won it?</p>","d21agtg","1869","d21ayzf","106","d21a3g6","80","d219qge","68"
"<p>In <sq>Django Unchained<sq> the title character says that every slave has heard of Candyland the plantation owned by the villain of the story. Would slaves know individual plantations through reputation? How efficient were their means of inter-plantation communication?</p>","d0fvjc1","1811","d0foqho","446","d0ftux0","15","d0ghb6n","5"
"<p>Both of my grandfathers used to talk about solving disputes with fist fights when they were young men in the 1940s and 50s. Were assault laws really that weak or loosely enforced in the USA back then? How common was this kind of thing?</p>","d0dddmi","410","d0dffyy","73","d0dllyj","35","d0d7hfx","31"
"<p>Why aren<sq>t the assassinations of James A. Garfield and William McKinley discussed as much as those of Lincoln and Kennedy?</p>","d2kpkph","2463","d2l5q9m","92","d2kqd4d","62","d2krhqp","20"
"<p>In fantasy literature travelling groups are often described as <dq>taking watch<dq> in turns throughout the night. Did travellers in medieval europe have a similar practice? Did travelling habits differ in ancient times?</p>","d5pi6w4","254","d5pncto","93","d5pdtxi","66","d5qdqzh","16"
